{
  "trs": {
    "mean": 0.710428866030582,
    "sd": 0.032474967859520684,
    "fold_values": [
      0.731359649122807,
      0.6541353383458647,
      0.7394167450611477,
      0.7336842105263158,
      0.6935483870967742
    ]
  },
  "ajcc": {
    "mean": 0.6001331902838455,
    "sd": 0.09414620250218264,
    "fold_values": [
      0.6606359649122807,
      0.5908521303258145,
      0.7220131702728128,
      0.5868421052631579,
      0.4403225806451613
    ]
  },
  "combo": {
    "mean": 0.7059699810932971,
    "sd": 0.05706313479934754,
    "fold_values": [
      0.7587719298245614,
      0.6741854636591479,
      0.7723424270931326,
      0.708421052631579,
      0.6161290322580645
    ]
  }
}