{
  "L12m": {
    "landmark_months": 12.0,
    "idi": 0.11113080058155178,
    "idi_ci_lo": 0.06799984829108391,
    "idi_ci_hi": 0.15592787555203416,
    "n_event": 55,
    "n_non_event": 240
  },
  "L36m": {
    "landmark_months": 36.0,
    "idi": 0.14024397143253875,
    "idi_ci_lo": 0.09214491895471433,
    "idi_ci_hi": 0.18413484026104238,
    "n_event": 93,
    "n_non_event": 86
  },
  "L60m": {
    "landmark_months": 60.0,
    "idi": 0.1781068465283071,
    "idi_ci_lo": 0.1268259437463933,
    "idi_ci_hi": 0.2280226155549123,
    "n_event": 107,
    "n_non_event": 39
  }
}