{
  "seed": 20260521,
  "n_features_final": 50,
  "stage_adjusted_cox": {
    "trs_hr": 6.664367684196059,
    "trs_hr_ci_lo": 3.855734558943143,
    "trs_hr_ci_hi": 11.518893728600077,
    "trs_p": 1.0928495669665867e-11,
    "stage_hr": 1.3811751204286802,
    "stage_p": 0.0031564464268692746,
    "c_index": 0.7167099051588482,
    "n_obs": 342,
    "n_events": 115
  },
  "schoenfeld": {
    "trs_p": 0.2571412416724337,
    "stage_p": 0.03431442660032479
  },
  "subgroup_stage_early_I_II": {
    "n": 254,
    "events": 68,
    "trs_hr": 7.595830894449739,
    "trs_hr_ci_lo": 3.6885560669755835,
    "trs_hr_ci_hi": 15.642068584410932,
    "trs_p": 3.76768887142344e-08,
    "c_index": 0.6952283698477534
  },
  "subgroup_stage_late_III_IV": {
    "n": 88,
    "events": 47,
    "trs_hr": 7.259661111885126,
    "trs_hr_ci_lo": 3.070022100571143,
    "trs_hr_ci_hi": 17.16687298427345,
    "trs_p": 6.349958367273374e-06,
    "c_index": 0.73224043715847
  },
  "cv_5fold": {
    "trs": {
      "mean": 0.710428866030582,
      "sd": 0.032474967859520684
    },
    "ajcc": {
      "mean": 0.6001331902838455,
      "sd": 0.09414620250218264
    },
    "combo": {
      "mean": 0.7059699810932971,
      "sd": 0.05706313479934754
    }
  }
}