{
  "trs_uno_c_60m": 0.6952372536891402,
  "harrell_c_trs_full": 0.7136598964555954,
  "tau_months": 60.0
}